{"start": 1600799616.690209, "save": 1600799626.706376, "delta": 10.015823000000001}