{"start": 1600710224.915173, "save": 1600710226.9212887, "delta": 2.0059334000000004}